<?xml version="1.0" encoding="UTF-8"?>
<project-private xmlns="http://www.netbeans.org/ns/project-private/1">
    <editor-bookmarks xmlns="http://www.netbeans.org/ns/editor-bookmarks/2" lastBookmarkId="0"/>
    <open-files xmlns="http://www.netbeans.org/ns/projectui-open-files/2">
        <group>
            <file>file:/C:/xampp/htdocs/KoreanLanguageG4/korean.sql</file>
            <file>file:/C:/xampp/htdocs/KoreanLanguageG4/klsconn.php</file>
            <file>file:/C:/xampp/htdocs/KoreanLanguageG4/aboutus.php</file>
            <file>file:/C:/xampp/htdocs/KoreanLanguageG4/eventdetail.php</file>
            <file>file:/C:/xampp/htdocs/KoreanLanguageG4/functions.php</file>
        </group>
    </open-files>
</project-private>
